<?xml version="1.0"?>
<link_info>
   <banner>TI ARM Linker PC v15.12.2.LTS</banner>
   <copyright>Copyright (c) 1996-2015 Texas Instruments Incorporated</copyright>
   <link_time>0x572eaa1a</link_time>
   <link_errors>0x0</link_errors>
   <output_file>lab_02b_blink_cmsis_solution_msp432p401r.out</output_file>
   <entry_point>
      <name>_c_int00</name>
      <address>0x65d</address>
   </entry_point>
   <input_file_list>
      <input_file id="fl-2">
         <path>.\</path>
         <kind>object</kind>
         <file>blink.obj</file>
         <name>blink.obj</name>
      </input_file>
      <input_file id="fl-3">
         <path>.\</path>
         <kind>object</kind>
         <file>startup_msp432p401r_ccs.obj</file>
         <name>startup_msp432p401r_ccs.obj</name>
      </input_file>
      <input_file id="fl-4">
         <path>.\</path>
         <kind>object</kind>
         <file>system_msp432p401r.obj</file>
         <name>system_msp432p401r.obj</name>
      </input_file>
      <input_file id="fl-be">
         <path>C:\ti\ccsv6\tools\compiler\arm_15.12.2.LTS\lib\</path>
         <kind>archive</kind>
         <file>rtsv7M4_T_le_v4SPD16_eabi.lib</file>
         <name>boot.obj</name>
      </input_file>
      <input_file id="fl-bf">
         <path>C:\ti\ccsv6\tools\compiler\arm_15.12.2.LTS\lib\</path>
         <kind>archive</kind>
         <file>rtsv7M4_T_le_v4SPD16_eabi.lib</file>
         <name>copy_decompress_none.obj</name>
      </input_file>
      <input_file id="fl-c0">
         <path>C:\ti\ccsv6\tools\compiler\arm_15.12.2.LTS\lib\</path>
         <kind>archive</kind>
         <file>rtsv7M4_T_le_v4SPD16_eabi.lib</file>
         <name>copy_decompress_rle.obj</name>
      </input_file>
      <input_file id="fl-c1">
         <path>C:\ti\ccsv6\tools\compiler\arm_15.12.2.LTS\lib\</path>
         <kind>archive</kind>
         <file>rtsv7M4_T_le_v4SPD16_eabi.lib</file>
         <name>copy_zero_init.obj</name>
      </input_file>
      <input_file id="fl-c2">
         <path>C:\ti\ccsv6\tools\compiler\arm_15.12.2.LTS\lib\</path>
         <kind>archive</kind>
         <file>rtsv7M4_T_le_v4SPD16_eabi.lib</file>
         <name>exit.obj</name>
      </input_file>
      <input_file id="fl-c3">
         <path>C:\ti\ccsv6\tools\compiler\arm_15.12.2.LTS\lib\</path>
         <kind>archive</kind>
         <file>rtsv7M4_T_le_v4SPD16_eabi.lib</file>
         <name>memcpy_t2.obj</name>
      </input_file>
      <input_file id="fl-c4">
         <path>C:\ti\ccsv6\tools\compiler\arm_15.12.2.LTS\lib\</path>
         <kind>archive</kind>
         <file>rtsv7M4_T_le_v4SPD16_eabi.lib</file>
         <name>memset_t2.obj</name>
      </input_file>
      <input_file id="fl-c5">
         <path>C:\ti\ccsv6\tools\compiler\arm_15.12.2.LTS\lib\</path>
         <kind>archive</kind>
         <file>rtsv7M4_T_le_v4SPD16_eabi.lib</file>
         <name>mpu_init.obj</name>
      </input_file>
      <input_file id="fl-c6">
         <path>C:\ti\ccsv6\tools\compiler\arm_15.12.2.LTS\lib\</path>
         <kind>archive</kind>
         <file>rtsv7M4_T_le_v4SPD16_eabi.lib</file>
         <name>pre_init.obj</name>
      </input_file>
      <input_file id="fl-c7">
         <path>C:\ti\ccsv6\tools\compiler\arm_15.12.2.LTS\lib\</path>
         <kind>archive</kind>
         <file>rtsv7M4_T_le_v4SPD16_eabi.lib</file>
         <name>stkdepth_vars.obj</name>
      </input_file>
      <input_file id="fl-c8">
         <path>C:\ti\ccsv6\tools\compiler\arm_15.12.2.LTS\lib\</path>
         <kind>archive</kind>
         <file>rtsv7M4_T_le_v4SPD16_eabi.lib</file>
         <name>_lock.obj</name>
      </input_file>
      <input_file id="fl-c9">
         <path>C:\ti\ccsv6\tools\compiler\arm_15.12.2.LTS\lib\</path>
         <kind>archive</kind>
         <file>rtsv7M4_T_le_v4SPD16_eabi.lib</file>
         <name>args_main.obj</name>
      </input_file>
      <input_file id="fl-ca">
         <path>C:\ti\ccsv6\tools\compiler\arm_15.12.2.LTS\lib\</path>
         <kind>archive</kind>
         <file>rtsv7M4_T_le_v4SPD16_eabi.lib</file>
         <name>autoinit.obj</name>
      </input_file>
      <input_file id="fl-cb">
         <path>C:\ti\ccsv6\tools\compiler\arm_15.12.2.LTS\lib\</path>
         <kind>archive</kind>
         <file>rtsv7M4_T_le_v4SPD16_eabi.lib</file>
         <name>cpy_tbl.obj</name>
      </input_file>
      <input_file id="fl-cc">
         <path>C:\ti\ccsv6\tools\compiler\arm_15.12.2.LTS\lib\</path>
         <kind>archive</kind>
         <file>rtsv7M4_T_le_v4SPD16_eabi.lib</file>
         <name>startup.obj</name>
      </input_file>
   </input_file_list>
   <object_component_list>
      <object_component id="oc-2a">
         <name>.intvecs:retain</name>
         <load_address>0x0</load_address>
         <run_address>0x0</run_address>
         <size>0x140</size>
         <input_file_ref idref="fl-3"/>
      </object_component>
      <object_component id="oc-b9">
         <name>.text</name>
         <load_address>0x140</load_address>
         <run_address>0x140</run_address>
         <size>0x328</size>
         <input_file_ref idref="fl-4"/>
      </object_component>
      <object_component id="oc-2e">
         <name>.text</name>
         <load_address>0x468</load_address>
         <run_address>0x468</run_address>
         <size>0x9c</size>
         <input_file_ref idref="fl-c3"/>
      </object_component>
      <object_component id="oc-47">
         <name>.text</name>
         <load_address>0x504</load_address>
         <run_address>0x504</run_address>
         <size>0x7a</size>
         <input_file_ref idref="fl-c4"/>
      </object_component>
      <object_component id="oc-53">
         <name>.text</name>
         <load_address>0x57e</load_address>
         <run_address>0x57e</run_address>
         <size>0x2</size>
         <input_file_ref idref="fl-c5"/>
      </object_component>
      <object_component id="oc-5f">
         <name>.text</name>
         <load_address>0x580</load_address>
         <run_address>0x580</run_address>
         <size>0x70</size>
         <input_file_ref idref="fl-ca"/>
      </object_component>
      <object_component id="oc-3a">
         <name>.text</name>
         <load_address>0x5f0</load_address>
         <run_address>0x5f0</run_address>
         <size>0x6a</size>
         <input_file_ref idref="fl-c0"/>
      </object_component>
      <object_component id="oc-9e">
         <name>.text</name>
         <load_address>0x65a</load_address>
         <run_address>0x65a</run_address>
         <size>0x2</size>
         <input_file_ref idref="fl-cc"/>
      </object_component>
      <object_component id="oc-24">
         <name>.text</name>
         <load_address>0x65c</load_address>
         <run_address>0x65c</run_address>
         <size>0x54</size>
         <input_file_ref idref="fl-be"/>
      </object_component>
      <object_component id="oc-6b">
         <name>.text</name>
         <load_address>0x6b0</load_address>
         <run_address>0x6b0</run_address>
         <size>0x54</size>
         <input_file_ref idref="fl-c2"/>
      </object_component>
      <object_component id="oc-98">
         <name>.text</name>
         <load_address>0x704</load_address>
         <run_address>0x704</run_address>
         <size>0x4c</size>
         <input_file_ref idref="fl-cb"/>
      </object_component>
      <object_component id="oc-a6">
         <name>.text</name>
         <load_address>0x750</load_address>
         <run_address>0x750</run_address>
         <size>0x48</size>
         <input_file_ref idref="fl-2"/>
      </object_component>
      <object_component id="oc-65">
         <name>.text</name>
         <load_address>0x798</load_address>
         <run_address>0x798</run_address>
         <size>0x18</size>
         <input_file_ref idref="fl-c9"/>
      </object_component>
      <object_component id="oc-dc">
         <name>.text</name>
         <load_address>0x7b0</load_address>
         <run_address>0x7b0</run_address>
         <size>0x14</size>
         <input_file_ref idref="fl-c8"/>
      </object_component>
      <object_component id="oc-75">
         <name>.text</name>
         <load_address>0x7c4</load_address>
         <run_address>0x7c4</run_address>
         <size>0x12</size>
         <input_file_ref idref="fl-3"/>
      </object_component>
      <object_component id="oc-12">
         <name>.text:decompress:none</name>
         <load_address>0x7d6</load_address>
         <run_address>0x7d6</run_address>
         <size>0xe</size>
         <input_file_ref idref="fl-bf"/>
      </object_component>
      <object_component id="oc-18">
         <name>.text:decompress:rle24</name>
         <load_address>0x7e4</load_address>
         <run_address>0x7e4</run_address>
         <size>0x6</size>
         <input_file_ref idref="fl-c0"/>
      </object_component>
      <object_component id="oc-59">
         <name>.text</name>
         <load_address>0x7ea</load_address>
         <run_address>0x7ea</run_address>
         <size>0x4</size>
         <input_file_ref idref="fl-c6"/>
      </object_component>
      <object_component id="oc-12e">
         <name>.cinit..data.load</name>
         <load_address>0x7f0</load_address>
         <run_address>0x7f0</run_address>
         <size>0x1a</size>
      </object_component>
      <object_component id="oc-12c">
         <name>__TI_handler_table</name>
         <load_address>0x80c</load_address>
         <run_address>0x80c</run_address>
         <size>0x8</size>
      </object_component>
      <object_component id="oc-12d">
         <name>__TI_cinit_table</name>
         <load_address>0x814</load_address>
         <run_address>0x814</run_address>
         <size>0x8</size>
      </object_component>
      <object_component id="oc-10b">
         <name>.binit</name>
         <load_address>0x0</load_address>
         <run_address>0x0</run_address>
         <size>0x0</size>
      </object_component>
      <object_component id="oc-e8">
         <name>.data</name>
         <load_address>0x20000018</load_address>
         <run_address>0x20000018</run_address>
         <size>0x4</size>
         <input_file_ref idref="fl-4"/>
      </object_component>
      <object_component id="oc-ae">
         <name>.data:$O1$$</name>
         <load_address>0x20000000</load_address>
         <run_address>0x20000000</run_address>
         <size>0xc</size>
         <input_file_ref idref="fl-c2"/>
      </object_component>
      <object_component id="oc-71">
         <name>.data</name>
         <load_address>0x20000014</load_address>
         <run_address>0x20000014</run_address>
         <size>0x4</size>
         <input_file_ref idref="fl-c7"/>
      </object_component>
      <object_component id="oc-b1">
         <name>.data:$O1$$</name>
         <load_address>0x2000000c</load_address>
         <run_address>0x2000000c</run_address>
         <size>0x8</size>
         <input_file_ref idref="fl-c8"/>
      </object_component>
      <object_component id="oc-2d">
         <name>.stack</name>
         <uninitialized>true</uninitialized>
         <run_address>0x2000fe00</run_address>
         <size>0x0</size>
         <input_file_ref idref="fl-be"/>
      </object_component>
      <object_component id="oc-12f">
         <name>.stack</name>
         <uninitialized>true</uninitialized>
         <run_address>0x2000fe00</run_address>
         <size>0x0</size>
      </object_component>
      <object_component id="oc-d2">
         <name>.debug_info</name>
         <load_address>0x0</load_address>
         <run_address>0x0</run_address>
         <size>0x383</size>
         <input_file_ref idref="fl-2"/>
      </object_component>
      <object_component id="oc-a7">
         <name>.debug_info</name>
         <load_address>0x383</load_address>
         <run_address>0x383</run_address>
         <size>0x106</size>
         <input_file_ref idref="fl-2"/>
      </object_component>
      <object_component id="oc-fa">
         <name>.debug_info</name>
         <load_address>0x489</load_address>
         <run_address>0x489</run_address>
         <size>0x36f2</size>
         <input_file_ref idref="fl-2"/>
      </object_component>
      <object_component id="oc-ff">
         <name>.debug_info</name>
         <load_address>0x3b7b</load_address>
         <run_address>0x3b7b</run_address>
         <size>0x103e</size>
         <input_file_ref idref="fl-2"/>
      </object_component>
      <object_component id="oc-86">
         <name>.debug_info</name>
         <load_address>0x4bb9</load_address>
         <run_address>0x4bb9</run_address>
         <size>0x84</size>
         <input_file_ref idref="fl-2"/>
      </object_component>
      <object_component id="oc-ec">
         <name>.debug_info</name>
         <load_address>0x4c3d</load_address>
         <run_address>0x4c3d</run_address>
         <size>0x18b</size>
         <input_file_ref idref="fl-2"/>
      </object_component>
      <object_component id="oc-7d">
         <name>.debug_info</name>
         <load_address>0x4dc8</load_address>
         <run_address>0x4dc8</run_address>
         <size>0x123</size>
         <input_file_ref idref="fl-3"/>
      </object_component>
      <object_component id="oc-2b">
         <name>.debug_info</name>
         <load_address>0x4eeb</load_address>
         <run_address>0x4eeb</run_address>
         <size>0xfa</size>
         <input_file_ref idref="fl-3"/>
      </object_component>
      <object_component id="oc-76">
         <name>.debug_info</name>
         <load_address>0x4fe5</load_address>
         <run_address>0x4fe5</run_address>
         <size>0x261</size>
         <input_file_ref idref="fl-3"/>
      </object_component>
      <object_component id="oc-e9">
         <name>.debug_info</name>
         <load_address>0x5246</load_address>
         <run_address>0x5246</run_address>
         <size>0xf3</size>
         <input_file_ref idref="fl-4"/>
      </object_component>
      <object_component id="oc-ba">
         <name>.debug_info</name>
         <load_address>0x5339</load_address>
         <run_address>0x5339</run_address>
         <size>0x265</size>
         <input_file_ref idref="fl-4"/>
      </object_component>
      <object_component id="oc-27">
         <name>.debug_info</name>
         <load_address>0x559e</load_address>
         <run_address>0x559e</run_address>
         <size>0x17c</size>
         <input_file_ref idref="fl-be"/>
      </object_component>
      <object_component id="oc-39">
         <name>.debug_info</name>
         <load_address>0x571a</load_address>
         <run_address>0x571a</run_address>
         <size>0x15c</size>
         <input_file_ref idref="fl-bf"/>
      </object_component>
      <object_component id="oc-16">
         <name>.debug_info</name>
         <load_address>0x5876</load_address>
         <run_address>0x5876</run_address>
         <size>0x1fb</size>
         <input_file_ref idref="fl-bf"/>
      </object_component>
      <object_component id="oc-34">
         <name>.debug_info</name>
         <load_address>0x5a71</load_address>
         <run_address>0x5a71</run_address>
         <size>0x46</size>
         <input_file_ref idref="fl-bf"/>
      </object_component>
      <object_component id="oc-7f">
         <name>.debug_info</name>
         <load_address>0x5ab7</load_address>
         <run_address>0x5ab7</run_address>
         <size>0x2c</size>
         <input_file_ref idref="fl-bf"/>
      </object_component>
      <object_component id="oc-41">
         <name>.debug_info</name>
         <load_address>0x5ae3</load_address>
         <run_address>0x5ae3</run_address>
         <size>0x150</size>
         <input_file_ref idref="fl-c0"/>
      </object_component>
      <object_component id="oc-3c">
         <name>.debug_info</name>
         <load_address>0x5c33</load_address>
         <run_address>0x5c33</run_address>
         <size>0x263</size>
         <input_file_ref idref="fl-c0"/>
      </object_component>
      <object_component id="oc-19">
         <name>.debug_info</name>
         <load_address>0x5e96</load_address>
         <run_address>0x5e96</run_address>
         <size>0x1cd</size>
         <input_file_ref idref="fl-c0"/>
      </object_component>
      <object_component id="oc-42">
         <name>.debug_info</name>
         <load_address>0x6063</load_address>
         <run_address>0x6063</run_address>
         <size>0x39</size>
         <input_file_ref idref="fl-c0"/>
      </object_component>
      <object_component id="oc-8e">
         <name>.debug_info</name>
         <load_address>0x609c</load_address>
         <run_address>0x609c</run_address>
         <size>0x2c</size>
         <input_file_ref idref="fl-c0"/>
      </object_component>
      <object_component id="oc-b5">
         <name>.debug_info</name>
         <load_address>0x60c8</load_address>
         <run_address>0x60c8</run_address>
         <size>0x250</size>
         <input_file_ref idref="fl-c2"/>
      </object_component>
      <object_component id="oc-af">
         <name>.debug_info</name>
         <load_address>0x6318</load_address>
         <run_address>0x6318</run_address>
         <size>0x1a1</size>
         <input_file_ref idref="fl-c2"/>
      </object_component>
      <object_component id="oc-6d">
         <name>.debug_info</name>
         <load_address>0x64b9</load_address>
         <run_address>0x64b9</run_address>
         <size>0x230</size>
         <input_file_ref idref="fl-c2"/>
      </object_component>
      <object_component id="oc-2f">
         <name>.debug_info</name>
         <load_address>0x66e9</load_address>
         <run_address>0x66e9</run_address>
         <size>0x12d</size>
         <input_file_ref idref="fl-c3"/>
      </object_component>
      <object_component id="oc-48">
         <name>.debug_info</name>
         <load_address>0x6816</load_address>
         <run_address>0x6816</run_address>
         <size>0x15b</size>
         <input_file_ref idref="fl-c4"/>
      </object_component>
      <object_component id="oc-54">
         <name>.debug_info</name>
         <load_address>0x6971</load_address>
         <run_address>0x6971</run_address>
         <size>0x154</size>
         <input_file_ref idref="fl-c5"/>
      </object_component>
      <object_component id="oc-5a">
         <name>.debug_info</name>
         <load_address>0x6ac5</load_address>
         <run_address>0x6ac5</run_address>
         <size>0x164</size>
         <input_file_ref idref="fl-c6"/>
      </object_component>
      <object_component id="oc-72">
         <name>.debug_info</name>
         <load_address>0x6c29</load_address>
         <run_address>0x6c29</run_address>
         <size>0x125</size>
         <input_file_ref idref="fl-c7"/>
      </object_component>
      <object_component id="oc-e4">
         <name>.debug_info</name>
         <load_address>0x6d4e</load_address>
         <run_address>0x6d4e</run_address>
         <size>0x140</size>
         <input_file_ref idref="fl-c8"/>
      </object_component>
      <object_component id="oc-b2">
         <name>.debug_info</name>
         <load_address>0x6e8e</load_address>
         <run_address>0x6e8e</run_address>
         <size>0x12f</size>
         <input_file_ref idref="fl-c8"/>
      </object_component>
      <object_component id="oc-dd">
         <name>.debug_info</name>
         <load_address>0x6fbd</load_address>
         <run_address>0x6fbd</run_address>
         <size>0x23b</size>
         <input_file_ref idref="fl-c8"/>
      </object_component>
      <object_component id="oc-ad">
         <name>.debug_info</name>
         <load_address>0x71f8</load_address>
         <run_address>0x71f8</run_address>
         <size>0x182</size>
         <input_file_ref idref="fl-c9"/>
      </object_component>
      <object_component id="oc-66">
         <name>.debug_info</name>
         <load_address>0x737a</load_address>
         <run_address>0x737a</run_address>
         <size>0x183</size>
         <input_file_ref idref="fl-c9"/>
      </object_component>
      <object_component id="oc-d5">
         <name>.debug_info</name>
         <load_address>0x74fd</load_address>
         <run_address>0x74fd</run_address>
         <size>0x5e</size>
         <input_file_ref idref="fl-c9"/>
      </object_component>
      <object_component id="oc-a5">
         <name>.debug_info</name>
         <load_address>0x755b</load_address>
         <run_address>0x755b</run_address>
         <size>0x305</size>
         <input_file_ref idref="fl-ca"/>
      </object_component>
      <object_component id="oc-60">
         <name>.debug_info</name>
         <load_address>0x7860</load_address>
         <run_address>0x7860</run_address>
         <size>0x1ac</size>
         <input_file_ref idref="fl-ca"/>
      </object_component>
      <object_component id="oc-c7">
         <name>.debug_info</name>
         <load_address>0x7a0c</load_address>
         <run_address>0x7a0c</run_address>
         <size>0x39</size>
         <input_file_ref idref="fl-ca"/>
      </object_component>
      <object_component id="oc-cc">
         <name>.debug_info</name>
         <load_address>0x7a45</load_address>
         <run_address>0x7a45</run_address>
         <size>0xcd</size>
         <input_file_ref idref="fl-ca"/>
      </object_component>
      <object_component id="oc-c3">
         <name>.debug_info</name>
         <load_address>0x7b12</load_address>
         <run_address>0x7b12</run_address>
         <size>0x1fc</size>
         <input_file_ref idref="fl-cb"/>
      </object_component>
      <object_component id="oc-99">
         <name>.debug_info</name>
         <load_address>0x7d0e</load_address>
         <run_address>0x7d0e</run_address>
         <size>0x19f</size>
         <input_file_ref idref="fl-cb"/>
      </object_component>
      <object_component id="oc-f3">
         <name>.debug_info</name>
         <load_address>0x7ead</load_address>
         <run_address>0x7ead</run_address>
         <size>0x2c</size>
         <input_file_ref idref="fl-cb"/>
      </object_component>
      <object_component id="oc-9f">
         <name>.debug_info</name>
         <load_address>0x7ed9</load_address>
         <run_address>0x7ed9</run_address>
         <size>0x161</size>
         <input_file_ref idref="fl-cc"/>
      </object_component>
      <object_component id="oc-130">
         <name>.debug_info</name>
         <load_address>0x803a</load_address>
         <run_address>0x803a</run_address>
         <size>0xa9</size>
      </object_component>
      <object_component id="oc-f9">
         <name>.debug_line</name>
         <load_address>0x0</load_address>
         <run_address>0x0</run_address>
         <size>0x20</size>
         <input_file_ref idref="fl-2"/>
      </object_component>
      <object_component id="oc-aa">
         <name>.debug_line</name>
         <load_address>0x20</load_address>
         <run_address>0x20</run_address>
         <size>0x56</size>
         <input_file_ref idref="fl-2"/>
      </object_component>
      <object_component id="oc-fd">
         <name>.debug_line</name>
         <load_address>0x76</load_address>
         <run_address>0x76</run_address>
         <size>0x52</size>
         <input_file_ref idref="fl-2"/>
      </object_component>
      <object_component id="oc-102">
         <name>.debug_line</name>
         <load_address>0xc8</load_address>
         <run_address>0xc8</run_address>
         <size>0x55</size>
         <input_file_ref idref="fl-2"/>
      </object_component>
      <object_component id="oc-89">
         <name>.debug_line</name>
         <load_address>0x11d</load_address>
         <run_address>0x11d</run_address>
         <size>0x20</size>
         <input_file_ref idref="fl-2"/>
      </object_component>
      <object_component id="oc-ef">
         <name>.debug_line</name>
         <load_address>0x13d</load_address>
         <run_address>0x13d</run_address>
         <size>0x5f</size>
         <input_file_ref idref="fl-2"/>
      </object_component>
      <object_component id="oc-c1">
         <name>.debug_line</name>
         <load_address>0x19c</load_address>
         <run_address>0x19c</run_address>
         <size>0x40</size>
         <input_file_ref idref="fl-3"/>
      </object_component>
      <object_component id="oc-7c">
         <name>.debug_line</name>
         <load_address>0x1dc</load_address>
         <run_address>0x1dc</run_address>
         <size>0x40</size>
         <input_file_ref idref="fl-3"/>
      </object_component>
      <object_component id="oc-79">
         <name>.debug_line</name>
         <load_address>0x21c</load_address>
         <run_address>0x21c</run_address>
         <size>0xa1</size>
         <input_file_ref idref="fl-3"/>
      </object_component>
      <object_component id="oc-108">
         <name>.debug_line</name>
         <load_address>0x2bd</load_address>
         <run_address>0x2bd</run_address>
         <size>0x3b</size>
         <input_file_ref idref="fl-4"/>
      </object_component>
      <object_component id="oc-bd">
         <name>.debug_line</name>
         <load_address>0x2f8</load_address>
         <run_address>0x2f8</run_address>
         <size>0x146</size>
         <input_file_ref idref="fl-4"/>
      </object_component>
      <object_component id="oc-25">
         <name>.debug_line</name>
         <load_address>0x43e</load_address>
         <run_address>0x43e</run_address>
         <size>0x53</size>
         <input_file_ref idref="fl-be"/>
      </object_component>
      <object_component id="oc-85">
         <name>.debug_line</name>
         <load_address>0x491</load_address>
         <run_address>0x491</run_address>
         <size>0xa5</size>
         <input_file_ref idref="fl-bf"/>
      </object_component>
      <object_component id="oc-15">
         <name>.debug_line</name>
         <load_address>0x536</load_address>
         <run_address>0x536</run_address>
         <size>0x55</size>
         <input_file_ref idref="fl-bf"/>
      </object_component>
      <object_component id="oc-37">
         <name>.debug_line</name>
         <load_address>0x58b</load_address>
         <run_address>0x58b</run_address>
         <size>0x3a</size>
         <input_file_ref idref="fl-bf"/>
      </object_component>
      <object_component id="oc-82">
         <name>.debug_line</name>
         <load_address>0x5c5</load_address>
         <run_address>0x5c5</run_address>
         <size>0xa5</size>
         <input_file_ref idref="fl-bf"/>
      </object_component>
      <object_component id="oc-8d">
         <name>.debug_line</name>
         <load_address>0x66a</load_address>
         <run_address>0x66a</run_address>
         <size>0xa5</size>
         <input_file_ref idref="fl-c0"/>
      </object_component>
      <object_component id="oc-3b">
         <name>.debug_line</name>
         <load_address>0x70f</load_address>
         <run_address>0x70f</run_address>
         <size>0x98</size>
         <input_file_ref idref="fl-c0"/>
      </object_component>
      <object_component id="oc-1c">
         <name>.debug_line</name>
         <load_address>0x7a7</load_address>
         <run_address>0x7a7</run_address>
         <size>0x4b</size>
         <input_file_ref idref="fl-c0"/>
      </object_component>
      <object_component id="oc-45">
         <name>.debug_line</name>
         <load_address>0x7f2</load_address>
         <run_address>0x7f2</run_address>
         <size>0x39</size>
         <input_file_ref idref="fl-c0"/>
      </object_component>
      <object_component id="oc-91">
         <name>.debug_line</name>
         <load_address>0x82b</load_address>
         <run_address>0x82b</run_address>
         <size>0xa5</size>
         <input_file_ref idref="fl-c0"/>
      </object_component>
      <object_component id="oc-e7">
         <name>.debug_line</name>
         <load_address>0x8d0</load_address>
         <run_address>0x8d0</run_address>
         <size>0x128</size>
         <input_file_ref idref="fl-c2"/>
      </object_component>
      <object_component id="oc-db">
         <name>.debug_line</name>
         <load_address>0x9f8</load_address>
         <run_address>0x9f8</run_address>
         <size>0x2a</size>
         <input_file_ref idref="fl-c2"/>
      </object_component>
      <object_component id="oc-6c">
         <name>.debug_line</name>
         <load_address>0xa22</load_address>
         <run_address>0xa22</run_address>
         <size>0x86</size>
         <input_file_ref idref="fl-c2"/>
      </object_component>
      <object_component id="oc-32">
         <name>.debug_line</name>
         <load_address>0xaa8</load_address>
         <run_address>0xaa8</run_address>
         <size>0x88</size>
         <input_file_ref idref="fl-c3"/>
      </object_component>
      <object_component id="oc-4b">
         <name>.debug_line</name>
         <load_address>0xb30</load_address>
         <run_address>0xb30</run_address>
         <size>0x79</size>
         <input_file_ref idref="fl-c4"/>
      </object_component>
      <object_component id="oc-57">
         <name>.debug_line</name>
         <load_address>0xba9</load_address>
         <run_address>0xba9</run_address>
         <size>0x3d</size>
         <input_file_ref idref="fl-c5"/>
      </object_component>
      <object_component id="oc-5d">
         <name>.debug_line</name>
         <load_address>0xbe6</load_address>
         <run_address>0xbe6</run_address>
         <size>0x40</size>
         <input_file_ref idref="fl-c6"/>
      </object_component>
      <object_component id="oc-b8">
         <name>.debug_line</name>
         <load_address>0xc26</load_address>
         <run_address>0xc26</run_address>
         <size>0x33</size>
         <input_file_ref idref="fl-c7"/>
      </object_component>
      <object_component id="oc-106">
         <name>.debug_line</name>
         <load_address>0xc59</load_address>
         <run_address>0xc59</run_address>
         <size>0x20</size>
         <input_file_ref idref="fl-c8"/>
      </object_component>
      <object_component id="oc-e3">
         <name>.debug_line</name>
         <load_address>0xc79</load_address>
         <run_address>0xc79</run_address>
         <size>0x2b</size>
         <input_file_ref idref="fl-c8"/>
      </object_component>
      <object_component id="oc-e0">
         <name>.debug_line</name>
         <load_address>0xca4</load_address>
         <run_address>0xca4</run_address>
         <size>0x68</size>
         <input_file_ref idref="fl-c8"/>
      </object_component>
      <object_component id="oc-d4">
         <name>.debug_line</name>
         <load_address>0xd0c</load_address>
         <run_address>0xd0c</run_address>
         <size>0x2b</size>
         <input_file_ref idref="fl-c9"/>
      </object_component>
      <object_component id="oc-69">
         <name>.debug_line</name>
         <load_address>0xd37</load_address>
         <run_address>0xd37</run_address>
         <size>0x50</size>
         <input_file_ref idref="fl-c9"/>
      </object_component>
      <object_component id="oc-d8">
         <name>.debug_line</name>
         <load_address>0xd87</load_address>
         <run_address>0xd87</run_address>
         <size>0x2b</size>
         <input_file_ref idref="fl-c9"/>
      </object_component>
      <object_component id="oc-c6">
         <name>.debug_line</name>
         <load_address>0xdb2</load_address>
         <run_address>0xdb2</run_address>
         <size>0xc4</size>
         <input_file_ref idref="fl-ca"/>
      </object_component>
      <object_component id="oc-63">
         <name>.debug_line</name>
         <load_address>0xe76</load_address>
         <run_address>0xe76</run_address>
         <size>0x8b</size>
         <input_file_ref idref="fl-ca"/>
      </object_component>
      <object_component id="oc-ca">
         <name>.debug_line</name>
         <load_address>0xf01</load_address>
         <run_address>0xf01</run_address>
         <size>0x2e</size>
         <input_file_ref idref="fl-ca"/>
      </object_component>
      <object_component id="oc-cf">
         <name>.debug_line</name>
         <load_address>0xf2f</load_address>
         <run_address>0xf2f</run_address>
         <size>0xa6</size>
         <input_file_ref idref="fl-ca"/>
      </object_component>
      <object_component id="oc-f2">
         <name>.debug_line</name>
         <load_address>0xfd5</load_address>
         <run_address>0xfd5</run_address>
         <size>0xb3</size>
         <input_file_ref idref="fl-cb"/>
      </object_component>
      <object_component id="oc-9c">
         <name>.debug_line</name>
         <load_address>0x1088</load_address>
         <run_address>0x1088</run_address>
         <size>0x68</size>
         <input_file_ref idref="fl-cb"/>
      </object_component>
      <object_component id="oc-f6">
         <name>.debug_line</name>
         <load_address>0x10f0</load_address>
         <run_address>0x10f0</run_address>
         <size>0x2e</size>
         <input_file_ref idref="fl-cb"/>
      </object_component>
      <object_component id="oc-a3">
         <name>.debug_line</name>
         <load_address>0x111e</load_address>
         <run_address>0x111e</run_address>
         <size>0x3c</size>
         <input_file_ref idref="fl-cc"/>
      </object_component>
      <object_component id="oc-ab">
         <name>.debug_frame</name>
         <load_address>0x0</load_address>
         <run_address>0x0</run_address>
         <size>0x82</size>
         <input_file_ref idref="fl-2"/>
      </object_component>
      <object_component id="oc-7a">
         <name>.debug_frame</name>
         <load_address>0x82</load_address>
         <run_address>0x82</run_address>
         <size>0xb9</size>
         <input_file_ref idref="fl-3"/>
      </object_component>
      <object_component id="oc-be">
         <name>.debug_frame</name>
         <load_address>0x13b</load_address>
         <run_address>0x13b</run_address>
         <size>0x98</size>
         <input_file_ref idref="fl-4"/>
      </object_component>
      <object_component id="oc-14">
         <name>.debug_frame</name>
         <load_address>0x1d3</load_address>
         <run_address>0x1d3</run_address>
         <size>0x7f</size>
         <input_file_ref idref="fl-bf"/>
      </object_component>
      <object_component id="oc-3f">
         <name>.debug_frame</name>
         <load_address>0x252</load_address>
         <run_address>0x252</run_address>
         <size>0x8e</size>
         <input_file_ref idref="fl-c0"/>
      </object_component>
      <object_component id="oc-1d">
         <name>.debug_frame</name>
         <load_address>0x2e0</load_address>
         <run_address>0x2e0</run_address>
         <size>0x7f</size>
         <input_file_ref idref="fl-c0"/>
      </object_component>
      <object_component id="oc-70">
         <name>.debug_frame</name>
         <load_address>0x35f</load_address>
         <run_address>0x35f</run_address>
         <size>0xb3</size>
         <input_file_ref idref="fl-c2"/>
      </object_component>
      <object_component id="oc-58">
         <name>.debug_frame</name>
         <load_address>0x412</load_address>
         <run_address>0x412</run_address>
         <size>0x7f</size>
         <input_file_ref idref="fl-c5"/>
      </object_component>
      <object_component id="oc-5e">
         <name>.debug_frame</name>
         <load_address>0x491</load_address>
         <run_address>0x491</run_address>
         <size>0x7f</size>
         <input_file_ref idref="fl-c6"/>
      </object_component>
      <object_component id="oc-e1">
         <name>.debug_frame</name>
         <load_address>0x510</load_address>
         <run_address>0x510</run_address>
         <size>0xa1</size>
         <input_file_ref idref="fl-c8"/>
      </object_component>
      <object_component id="oc-6a">
         <name>.debug_frame</name>
         <load_address>0x5b1</load_address>
         <run_address>0x5b1</run_address>
         <size>0x7f</size>
         <input_file_ref idref="fl-c9"/>
      </object_component>
      <object_component id="oc-64">
         <name>.debug_frame</name>
         <load_address>0x630</load_address>
         <run_address>0x630</run_address>
         <size>0x8a</size>
         <input_file_ref idref="fl-ca"/>
      </object_component>
      <object_component id="oc-9d">
         <name>.debug_frame</name>
         <load_address>0x6ba</load_address>
         <run_address>0x6ba</run_address>
         <size>0x8e</size>
         <input_file_ref idref="fl-cb"/>
      </object_component>
      <object_component id="oc-a2">
         <name>.debug_frame</name>
         <load_address>0x748</load_address>
         <run_address>0x748</run_address>
         <size>0x7f</size>
         <input_file_ref idref="fl-cc"/>
      </object_component>
      <object_component id="oc-f8">
         <name>.debug_abbrev</name>
         <load_address>0x0</load_address>
         <run_address>0x0</run_address>
         <size>0x5d</size>
         <input_file_ref idref="fl-2"/>
      </object_component>
      <object_component id="oc-d1">
         <name>.debug_abbrev</name>
         <load_address>0x5d</load_address>
         <run_address>0x5d</run_address>
         <size>0x54</size>
         <input_file_ref idref="fl-2"/>
      </object_component>
      <object_component id="oc-fc">
         <name>.debug_abbrev</name>
         <load_address>0xb1</load_address>
         <run_address>0xb1</run_address>
         <size>0xbd</size>
         <input_file_ref idref="fl-2"/>
      </object_component>
      <object_component id="oc-101">
         <name>.debug_abbrev</name>
         <load_address>0x16e</load_address>
         <run_address>0x16e</run_address>
         <size>0x97</size>
         <input_file_ref idref="fl-2"/>
      </object_component>
      <object_component id="oc-88">
         <name>.debug_abbrev</name>
         <load_address>0x205</load_address>
         <run_address>0x205</run_address>
         <size>0x1f</size>
         <input_file_ref idref="fl-2"/>
      </object_component>
      <object_component id="oc-ee">
         <name>.debug_abbrev</name>
         <load_address>0x224</load_address>
         <run_address>0x224</run_address>
         <size>0x35</size>
         <input_file_ref idref="fl-2"/>
      </object_component>
      <object_component id="oc-c0">
         <name>.debug_abbrev</name>
         <load_address>0x259</load_address>
         <run_address>0x259</run_address>
         <size>0x68</size>
         <input_file_ref idref="fl-3"/>
      </object_component>
      <object_component id="oc-7b">
         <name>.debug_abbrev</name>
         <load_address>0x2c1</load_address>
         <run_address>0x2c1</run_address>
         <size>0x29</size>
         <input_file_ref idref="fl-3"/>
      </object_component>
      <object_component id="oc-bf">
         <name>.debug_abbrev</name>
         <load_address>0x2ea</load_address>
         <run_address>0x2ea</run_address>
         <size>0x85</size>
         <input_file_ref idref="fl-3"/>
      </object_component>
      <object_component id="oc-107">
         <name>.debug_abbrev</name>
         <load_address>0x36f</load_address>
         <run_address>0x36f</run_address>
         <size>0x29</size>
         <input_file_ref idref="fl-4"/>
      </object_component>
      <object_component id="oc-eb">
         <name>.debug_abbrev</name>
         <load_address>0x398</load_address>
         <run_address>0x398</run_address>
         <size>0x8b</size>
         <input_file_ref idref="fl-4"/>
      </object_component>
      <object_component id="oc-74">
         <name>.debug_abbrev</name>
         <load_address>0x423</load_address>
         <run_address>0x423</run_address>
         <size>0x3e</size>
         <input_file_ref idref="fl-be"/>
      </object_component>
      <object_component id="oc-84">
         <name>.debug_abbrev</name>
         <load_address>0x461</load_address>
         <run_address>0x461</run_address>
         <size>0x52</size>
         <input_file_ref idref="fl-bf"/>
      </object_component>
      <object_component id="oc-33">
         <name>.debug_abbrev</name>
         <load_address>0x4b3</load_address>
         <run_address>0x4b3</run_address>
         <size>0x74</size>
         <input_file_ref idref="fl-bf"/>
      </object_component>
      <object_component id="oc-36">
         <name>.debug_abbrev</name>
         <load_address>0x527</load_address>
         <run_address>0x527</run_address>
         <size>0x24</size>
         <input_file_ref idref="fl-bf"/>
      </object_component>
      <object_component id="oc-81">
         <name>.debug_abbrev</name>
         <load_address>0x54b</load_address>
         <run_address>0x54b</run_address>
         <size>0x24</size>
         <input_file_ref idref="fl-bf"/>
      </object_component>
      <object_component id="oc-8c">
         <name>.debug_abbrev</name>
         <load_address>0x56f</load_address>
         <run_address>0x56f</run_address>
         <size>0x52</size>
         <input_file_ref idref="fl-c0"/>
      </object_component>
      <object_component id="oc-8b">
         <name>.debug_abbrev</name>
         <load_address>0x5c1</load_address>
         <run_address>0x5c1</run_address>
         <size>0x7b</size>
         <input_file_ref idref="fl-c0"/>
      </object_component>
      <object_component id="oc-40">
         <name>.debug_abbrev</name>
         <load_address>0x63c</load_address>
         <run_address>0x63c</run_address>
         <size>0x66</size>
         <input_file_ref idref="fl-c0"/>
      </object_component>
      <object_component id="oc-44">
         <name>.debug_abbrev</name>
         <load_address>0x6a2</load_address>
         <run_address>0x6a2</run_address>
         <size>0x24</size>
         <input_file_ref idref="fl-c0"/>
      </object_component>
      <object_component id="oc-90">
         <name>.debug_abbrev</name>
         <load_address>0x6c6</load_address>
         <run_address>0x6c6</run_address>
         <size>0x24</size>
         <input_file_ref idref="fl-c0"/>
      </object_component>
      <object_component id="oc-e6">
         <name>.debug_abbrev</name>
         <load_address>0x6ea</load_address>
         <run_address>0x6ea</run_address>
         <size>0xa8</size>
         <input_file_ref idref="fl-c2"/>
      </object_component>
      <object_component id="oc-da">
         <name>.debug_abbrev</name>
         <load_address>0x792</load_address>
         <run_address>0x792</run_address>
         <size>0x29</size>
         <input_file_ref idref="fl-c2"/>
      </object_component>
      <object_component id="oc-b4">
         <name>.debug_abbrev</name>
         <load_address>0x7bb</load_address>
         <run_address>0x7bb</run_address>
         <size>0xba</size>
         <input_file_ref idref="fl-c2"/>
      </object_component>
      <object_component id="oc-7e">
         <name>.debug_abbrev</name>
         <load_address>0x875</load_address>
         <run_address>0x875</run_address>
         <size>0x3e</size>
         <input_file_ref idref="fl-c3"/>
      </object_component>
      <object_component id="oc-93">
         <name>.debug_abbrev</name>
         <load_address>0x8b3</load_address>
         <run_address>0x8b3</run_address>
         <size>0x4f</size>
         <input_file_ref idref="fl-c4"/>
      </object_component>
      <object_component id="oc-96">
         <name>.debug_abbrev</name>
         <load_address>0x902</load_address>
         <run_address>0x902</run_address>
         <size>0x53</size>
         <input_file_ref idref="fl-c5"/>
      </object_component>
      <object_component id="oc-97">
         <name>.debug_abbrev</name>
         <load_address>0x955</load_address>
         <run_address>0x955</run_address>
         <size>0x55</size>
         <input_file_ref idref="fl-c6"/>
      </object_component>
      <object_component id="oc-b7">
         <name>.debug_abbrev</name>
         <load_address>0x9aa</load_address>
         <run_address>0x9aa</run_address>
         <size>0x27</size>
         <input_file_ref idref="fl-c7"/>
      </object_component>
      <object_component id="oc-105">
         <name>.debug_abbrev</name>
         <load_address>0x9d1</load_address>
         <run_address>0x9d1</run_address>
         <size>0x45</size>
         <input_file_ref idref="fl-c8"/>
      </object_component>
      <object_component id="oc-e2">
         <name>.debug_abbrev</name>
         <load_address>0xa16</load_address>
         <run_address>0xa16</run_address>
         <size>0x29</size>
         <input_file_ref idref="fl-c8"/>
      </object_component>
      <object_component id="oc-104">
         <name>.debug_abbrev</name>
         <load_address>0xa3f</load_address>
         <run_address>0xa3f</run_address>
         <size>0x6f</size>
         <input_file_ref idref="fl-c8"/>
      </object_component>
      <object_component id="oc-d3">
         <name>.debug_abbrev</name>
         <load_address>0xaae</load_address>
         <run_address>0xaae</run_address>
         <size>0x8e</size>
         <input_file_ref idref="fl-c9"/>
      </object_component>
      <object_component id="oc-ac">
         <name>.debug_abbrev</name>
         <load_address>0xb3c</load_address>
         <run_address>0xb3c</run_address>
         <size>0x68</size>
         <input_file_ref idref="fl-c9"/>
      </object_component>
      <object_component id="oc-d7">
         <name>.debug_abbrev</name>
         <load_address>0xba4</load_address>
         <run_address>0xba4</run_address>
         <size>0x49</size>
         <input_file_ref idref="fl-c9"/>
      </object_component>
      <object_component id="oc-c5">
         <name>.debug_abbrev</name>
         <load_address>0xbed</load_address>
         <run_address>0xbed</run_address>
         <size>0xae</size>
         <input_file_ref idref="fl-ca"/>
      </object_component>
      <object_component id="oc-a4">
         <name>.debug_abbrev</name>
         <load_address>0xc9b</load_address>
         <run_address>0xc9b</run_address>
         <size>0x7e</size>
         <input_file_ref idref="fl-ca"/>
      </object_component>
      <object_component id="oc-c9">
         <name>.debug_abbrev</name>
         <load_address>0xd19</load_address>
         <run_address>0xd19</run_address>
         <size>0x24</size>
         <input_file_ref idref="fl-ca"/>
      </object_component>
      <object_component id="oc-ce">
         <name>.debug_abbrev</name>
         <load_address>0xd3d</load_address>
         <run_address>0xd3d</run_address>
         <size>0x4b</size>
         <input_file_ref idref="fl-ca"/>
      </object_component>
      <object_component id="oc-f1">
         <name>.debug_abbrev</name>
         <load_address>0xd88</load_address>
         <run_address>0xd88</run_address>
         <size>0x9c</size>
         <input_file_ref idref="fl-cb"/>
      </object_component>
      <object_component id="oc-c2">
         <name>.debug_abbrev</name>
         <load_address>0xe24</load_address>
         <run_address>0xe24</run_address>
         <size>0x8c</size>
         <input_file_ref idref="fl-cb"/>
      </object_component>
      <object_component id="oc-f5">
         <name>.debug_abbrev</name>
         <load_address>0xeb0</load_address>
         <run_address>0xeb0</run_address>
         <size>0x24</size>
         <input_file_ref idref="fl-cb"/>
      </object_component>
      <object_component id="oc-c4">
         <name>.debug_abbrev</name>
         <load_address>0xed4</load_address>
         <run_address>0xed4</run_address>
         <size>0x53</size>
         <input_file_ref idref="fl-cc"/>
      </object_component>
      <object_component id="oc-131">
         <name>.debug_abbrev</name>
         <load_address>0xf27</load_address>
         <run_address>0xf27</run_address>
         <size>0xf</size>
      </object_component>
      <object_component id="oc-fe">
         <name>.debug_str</name>
         <load_address>0x0</load_address>
         <run_address>0x0</run_address>
         <size>0x1742</size>
         <input_file_ref idref="fl-2"/>
      </object_component>
      <object_component id="oc-103">
         <name>.debug_str</name>
         <load_address>0x1742</load_address>
         <run_address>0x1742</run_address>
         <size>0x477</size>
         <input_file_ref idref="fl-2"/>
      </object_component>
      <object_component id="oc-8a">
         <name>.debug_str</name>
         <load_address>0x1bb9</load_address>
         <run_address>0x1bb9</run_address>
         <size>0xfb</size>
         <input_file_ref idref="fl-2"/>
      </object_component>
      <object_component id="oc-f0">
         <name>.debug_str</name>
         <load_address>0x1cb4</load_address>
         <run_address>0x1cb4</run_address>
         <size>0x21a</size>
         <input_file_ref idref="fl-2"/>
      </object_component>
      <object_component id="oc-38">
         <name>.debug_str</name>
         <load_address>0x1ece</load_address>
         <run_address>0x1ece</run_address>
         <size>0x11c</size>
         <input_file_ref idref="fl-bf"/>
      </object_component>
      <object_component id="oc-83">
         <name>.debug_str</name>
         <load_address>0x1fea</load_address>
         <run_address>0x1fea</run_address>
         <size>0x164</size>
         <input_file_ref idref="fl-bf"/>
      </object_component>
      <object_component id="oc-46">
         <name>.debug_str</name>
         <load_address>0x214e</load_address>
         <run_address>0x214e</run_address>
         <size>0x10e</size>
         <input_file_ref idref="fl-c0"/>
      </object_component>
      <object_component id="oc-92">
         <name>.debug_str</name>
         <load_address>0x225c</load_address>
         <run_address>0x225c</run_address>
         <size>0x164</size>
         <input_file_ref idref="fl-c0"/>
      </object_component>
      <object_component id="oc-d9">
         <name>.debug_str</name>
         <load_address>0x23c0</load_address>
         <run_address>0x23c0</run_address>
         <size>0xf2</size>
         <input_file_ref idref="fl-c9"/>
      </object_component>
      <object_component id="oc-cb">
         <name>.debug_str</name>
         <load_address>0x24b2</load_address>
         <run_address>0x24b2</run_address>
         <size>0xfe</size>
         <input_file_ref idref="fl-ca"/>
      </object_component>
      <object_component id="oc-d0">
         <name>.debug_str</name>
         <load_address>0x25b0</load_address>
         <run_address>0x25b0</run_address>
         <size>0x1bb</size>
         <input_file_ref idref="fl-ca"/>
      </object_component>
      <object_component id="oc-f7">
         <name>.debug_str</name>
         <load_address>0x276b</load_address>
         <run_address>0x276b</run_address>
         <size>0xf3</size>
         <input_file_ref idref="fl-cb"/>
      </object_component>
      <object_component id="oc-a8">
         <name>.debug_aranges</name>
         <load_address>0x0</load_address>
         <run_address>0x0</run_address>
         <size>0x20</size>
         <input_file_ref idref="fl-2"/>
      </object_component>
      <object_component id="oc-77">
         <name>.debug_aranges</name>
         <load_address>0x20</load_address>
         <run_address>0x20</run_address>
         <size>0x38</size>
         <input_file_ref idref="fl-3"/>
      </object_component>
      <object_component id="oc-bb">
         <name>.debug_aranges</name>
         <load_address>0x58</load_address>
         <run_address>0x58</run_address>
         <size>0x28</size>
         <input_file_ref idref="fl-4"/>
      </object_component>
      <object_component id="oc-26">
         <name>.debug_aranges</name>
         <load_address>0x80</load_address>
         <run_address>0x80</run_address>
         <size>0x20</size>
         <input_file_ref idref="fl-be"/>
      </object_component>
      <object_component id="oc-13">
         <name>.debug_aranges</name>
         <load_address>0xa0</load_address>
         <run_address>0xa0</run_address>
         <size>0x20</size>
         <input_file_ref idref="fl-bf"/>
      </object_component>
      <object_component id="oc-3d">
         <name>.debug_aranges</name>
         <load_address>0xc0</load_address>
         <run_address>0xc0</run_address>
         <size>0x20</size>
         <input_file_ref idref="fl-c0"/>
      </object_component>
      <object_component id="oc-1a">
         <name>.debug_aranges</name>
         <load_address>0xe0</load_address>
         <run_address>0xe0</run_address>
         <size>0x20</size>
         <input_file_ref idref="fl-c0"/>
      </object_component>
      <object_component id="oc-6e">
         <name>.debug_aranges</name>
         <load_address>0x100</load_address>
         <run_address>0x100</run_address>
         <size>0x30</size>
         <input_file_ref idref="fl-c2"/>
      </object_component>
      <object_component id="oc-30">
         <name>.debug_aranges</name>
         <load_address>0x130</load_address>
         <run_address>0x130</run_address>
         <size>0x20</size>
         <input_file_ref idref="fl-c3"/>
      </object_component>
      <object_component id="oc-49">
         <name>.debug_aranges</name>
         <load_address>0x150</load_address>
         <run_address>0x150</run_address>
         <size>0x28</size>
         <input_file_ref idref="fl-c4"/>
      </object_component>
      <object_component id="oc-55">
         <name>.debug_aranges</name>
         <load_address>0x178</load_address>
         <run_address>0x178</run_address>
         <size>0x20</size>
         <input_file_ref idref="fl-c5"/>
      </object_component>
      <object_component id="oc-5b">
         <name>.debug_aranges</name>
         <load_address>0x198</load_address>
         <run_address>0x198</run_address>
         <size>0x20</size>
         <input_file_ref idref="fl-c6"/>
      </object_component>
      <object_component id="oc-de">
         <name>.debug_aranges</name>
         <load_address>0x1b8</load_address>
         <run_address>0x1b8</run_address>
         <size>0x30</size>
         <input_file_ref idref="fl-c8"/>
      </object_component>
      <object_component id="oc-67">
         <name>.debug_aranges</name>
         <load_address>0x1e8</load_address>
         <run_address>0x1e8</run_address>
         <size>0x20</size>
         <input_file_ref idref="fl-c9"/>
      </object_component>
      <object_component id="oc-61">
         <name>.debug_aranges</name>
         <load_address>0x208</load_address>
         <run_address>0x208</run_address>
         <size>0x20</size>
         <input_file_ref idref="fl-ca"/>
      </object_component>
      <object_component id="oc-9a">
         <name>.debug_aranges</name>
         <load_address>0x228</load_address>
         <run_address>0x228</run_address>
         <size>0x20</size>
         <input_file_ref idref="fl-cb"/>
      </object_component>
      <object_component id="oc-a0">
         <name>.debug_aranges</name>
         <load_address>0x248</load_address>
         <run_address>0x248</run_address>
         <size>0x20</size>
         <input_file_ref idref="fl-cc"/>
      </object_component>
      <object_component id="oc-a9">
         <name>.debug_pubnames</name>
         <load_address>0x0</load_address>
         <run_address>0x0</run_address>
         <size>0x1b</size>
         <input_file_ref idref="fl-2"/>
      </object_component>
      <object_component id="oc-2c">
         <name>.debug_pubnames</name>
         <load_address>0x1b</load_address>
         <run_address>0x1b</run_address>
         <size>0x27</size>
         <input_file_ref idref="fl-3"/>
      </object_component>
      <object_component id="oc-78">
         <name>.debug_pubnames</name>
         <load_address>0x42</load_address>
         <run_address>0x42</run_address>
         <size>0x46</size>
         <input_file_ref idref="fl-3"/>
      </object_component>
      <object_component id="oc-ea">
         <name>.debug_pubnames</name>
         <load_address>0x88</load_address>
         <run_address>0x88</run_address>
         <size>0x26</size>
         <input_file_ref idref="fl-4"/>
      </object_component>
      <object_component id="oc-bc">
         <name>.debug_pubnames</name>
         <load_address>0xae</load_address>
         <run_address>0xae</run_address>
         <size>0x3b</size>
         <input_file_ref idref="fl-4"/>
      </object_component>
      <object_component id="oc-28">
         <name>.debug_pubnames</name>
         <load_address>0xe9</load_address>
         <run_address>0xe9</run_address>
         <size>0x1f</size>
         <input_file_ref idref="fl-be"/>
      </object_component>
      <object_component id="oc-17">
         <name>.debug_pubnames</name>
         <load_address>0x108</load_address>
         <run_address>0x108</run_address>
         <size>0x2b</size>
         <input_file_ref idref="fl-bf"/>
      </object_component>
      <object_component id="oc-3e">
         <name>.debug_pubnames</name>
         <load_address>0x133</load_address>
         <run_address>0x133</run_address>
         <size>0x2f</size>
         <input_file_ref idref="fl-c0"/>
      </object_component>
      <object_component id="oc-1b">
         <name>.debug_pubnames</name>
         <load_address>0x162</load_address>
         <run_address>0x162</run_address>
         <size>0x2c</size>
         <input_file_ref idref="fl-c0"/>
      </object_component>
      <object_component id="oc-b0">
         <name>.debug_pubnames</name>
         <load_address>0x18e</load_address>
         <run_address>0x18e</run_address>
         <size>0x5e</size>
         <input_file_ref idref="fl-c2"/>
      </object_component>
      <object_component id="oc-6f">
         <name>.debug_pubnames</name>
         <load_address>0x1ec</load_address>
         <run_address>0x1ec</run_address>
         <size>0x35</size>
         <input_file_ref idref="fl-c2"/>
      </object_component>
      <object_component id="oc-31">
         <name>.debug_pubnames</name>
         <load_address>0x221</load_address>
         <run_address>0x221</run_address>
         <size>0x1d</size>
         <input_file_ref idref="fl-c3"/>
      </object_component>
      <object_component id="oc-4a">
         <name>.debug_pubnames</name>
         <load_address>0x23e</load_address>
         <run_address>0x23e</run_address>
         <size>0x37</size>
         <input_file_ref idref="fl-c4"/>
      </object_component>
      <object_component id="oc-56">
         <name>.debug_pubnames</name>
         <load_address>0x275</load_address>
         <run_address>0x275</run_address>
         <size>0x21</size>
         <input_file_ref idref="fl-c5"/>
      </object_component>
      <object_component id="oc-5c">
         <name>.debug_pubnames</name>
         <load_address>0x296</load_address>
         <run_address>0x296</run_address>
         <size>0x27</size>
         <input_file_ref idref="fl-c6"/>
      </object_component>
      <object_component id="oc-73">
         <name>.debug_pubnames</name>
         <load_address>0x2bd</load_address>
         <run_address>0x2bd</run_address>
         <size>0x23</size>
         <input_file_ref idref="fl-c7"/>
      </object_component>
      <object_component id="oc-b3">
         <name>.debug_pubnames</name>
         <load_address>0x2e0</load_address>
         <run_address>0x2e0</run_address>
         <size>0x28</size>
         <input_file_ref idref="fl-c8"/>
      </object_component>
      <object_component id="oc-df">
         <name>.debug_pubnames</name>
         <load_address>0x308</load_address>
         <run_address>0x308</run_address>
         <size>0x43</size>
         <input_file_ref idref="fl-c8"/>
      </object_component>
      <object_component id="oc-68">
         <name>.debug_pubnames</name>
         <load_address>0x34b</load_address>
         <run_address>0x34b</run_address>
         <size>0x21</size>
         <input_file_ref idref="fl-c9"/>
      </object_component>
      <object_component id="oc-62">
         <name>.debug_pubnames</name>
         <load_address>0x36c</load_address>
         <run_address>0x36c</run_address>
         <size>0x25</size>
         <input_file_ref idref="fl-ca"/>
      </object_component>
      <object_component id="oc-9b">
         <name>.debug_pubnames</name>
         <load_address>0x391</load_address>
         <run_address>0x391</run_address>
         <size>0x1e</size>
         <input_file_ref idref="fl-cb"/>
      </object_component>
      <object_component id="oc-a1">
         <name>.debug_pubnames</name>
         <load_address>0x3af</load_address>
         <run_address>0x3af</run_address>
         <size>0x29</size>
         <input_file_ref idref="fl-cc"/>
      </object_component>
      <object_component id="oc-fb">
         <name>.debug_pubtypes</name>
         <load_address>0x0</load_address>
         <run_address>0x0</run_address>
         <size>0x2c8</size>
         <input_file_ref idref="fl-2"/>
      </object_component>
      <object_component id="oc-100">
         <name>.debug_pubtypes</name>
         <load_address>0x2c8</load_address>
         <run_address>0x2c8</run_address>
         <size>0xdd</size>
         <input_file_ref idref="fl-2"/>
      </object_component>
      <object_component id="oc-87">
         <name>.debug_pubtypes</name>
         <load_address>0x3a5</load_address>
         <run_address>0x3a5</run_address>
         <size>0xed</size>
         <input_file_ref idref="fl-2"/>
      </object_component>
      <object_component id="oc-ed">
         <name>.debug_pubtypes</name>
         <load_address>0x492</load_address>
         <run_address>0x492</run_address>
         <size>0x1c6</size>
         <input_file_ref idref="fl-2"/>
      </object_component>
      <object_component id="oc-35">
         <name>.debug_pubtypes</name>
         <load_address>0x658</load_address>
         <run_address>0x658</run_address>
         <size>0x48</size>
         <input_file_ref idref="fl-bf"/>
      </object_component>
      <object_component id="oc-80">
         <name>.debug_pubtypes</name>
         <load_address>0x6a0</load_address>
         <run_address>0x6a0</run_address>
         <size>0x1d</size>
         <input_file_ref idref="fl-bf"/>
      </object_component>
      <object_component id="oc-43">
         <name>.debug_pubtypes</name>
         <load_address>0x6bd</load_address>
         <run_address>0x6bd</run_address>
         <size>0x37</size>
         <input_file_ref idref="fl-c0"/>
      </object_component>
      <object_component id="oc-8f">
         <name>.debug_pubtypes</name>
         <load_address>0x6f4</load_address>
         <run_address>0x6f4</run_address>
         <size>0x1d</size>
         <input_file_ref idref="fl-c0"/>
      </object_component>
      <object_component id="oc-b6">
         <name>.debug_pubtypes</name>
         <load_address>0x711</load_address>
         <run_address>0x711</run_address>
         <size>0x1f</size>
         <input_file_ref idref="fl-c2"/>
      </object_component>
      <object_component id="oc-e5">
         <name>.debug_pubtypes</name>
         <load_address>0x730</load_address>
         <run_address>0x730</run_address>
         <size>0x1f</size>
         <input_file_ref idref="fl-c8"/>
      </object_component>
      <object_component id="oc-d6">
         <name>.debug_pubtypes</name>
         <load_address>0x74f</load_address>
         <run_address>0x74f</run_address>
         <size>0x1b</size>
         <input_file_ref idref="fl-c9"/>
      </object_component>
      <object_component id="oc-c8">
         <name>.debug_pubtypes</name>
         <load_address>0x76a</load_address>
         <run_address>0x76a</run_address>
         <size>0x32</size>
         <input_file_ref idref="fl-ca"/>
      </object_component>
      <object_component id="oc-cd">
         <name>.debug_pubtypes</name>
         <load_address>0x79c</load_address>
         <run_address>0x79c</run_address>
         <size>0x50</size>
         <input_file_ref idref="fl-ca"/>
      </object_component>
      <object_component id="oc-f4">
         <name>.debug_pubtypes</name>
         <load_address>0x7ec</load_address>
         <run_address>0x7ec</run_address>
         <size>0x23</size>
         <input_file_ref idref="fl-cb"/>
      </object_component>
   </object_component_list>
   <logical_group_list>
      <logical_group id="lg-3" display="no" color="cyan">
         <name>.intvecs</name>
         <load_address>0x0</load_address>
         <run_address>0x0</run_address>
         <size>0x140</size>
         <contents>
            <object_component_ref idref="oc-2a"/>
         </contents>
      </logical_group>
      <logical_group id="lg-4" display="no" color="cyan">
         <name>.text</name>
         <load_address>0x140</load_address>
         <run_address>0x140</run_address>
         <size>0x6ae</size>
         <contents>
            <object_component_ref idref="oc-b9"/>
            <object_component_ref idref="oc-2e"/>
            <object_component_ref idref="oc-47"/>
            <object_component_ref idref="oc-53"/>
            <object_component_ref idref="oc-5f"/>
            <object_component_ref idref="oc-3a"/>
            <object_component_ref idref="oc-9e"/>
            <object_component_ref idref="oc-24"/>
            <object_component_ref idref="oc-6b"/>
            <object_component_ref idref="oc-98"/>
            <object_component_ref idref="oc-a6"/>
            <object_component_ref idref="oc-65"/>
            <object_component_ref idref="oc-dc"/>
            <object_component_ref idref="oc-75"/>
            <object_component_ref idref="oc-12"/>
            <object_component_ref idref="oc-18"/>
            <object_component_ref idref="oc-59"/>
         </contents>
      </logical_group>
      <logical_group id="lg-5" display="no" color="cyan">
         <name>.const</name>
         <run_address>0x0</run_address>
         <size>0x0</size>
         <contents>
         </contents>
      </logical_group>
      <logical_group id="lg-6" display="no" color="cyan">
         <name>.cinit</name>
         <load_address>0x7f0</load_address>
         <run_address>0x7f0</run_address>
         <size>0x2c</size>
         <contents>
            <object_component_ref idref="oc-12e"/>
            <object_component_ref idref="oc-12c"/>
            <object_component_ref idref="oc-12d"/>
         </contents>
      </logical_group>
      <logical_group id="lg-7" display="no" color="cyan">
         <name>.pinit</name>
         <run_address>0x0</run_address>
         <size>0x0</size>
         <contents>
         </contents>
      </logical_group>
      <logical_group id="lg-8" display="no" color="cyan">
         <name>.init_array</name>
         <run_address>0x0</run_address>
         <size>0x0</size>
         <contents>
         </contents>
      </logical_group>
      <logical_group id="lg-9" display="no" color="cyan">
         <name>.binit</name>
         <load_address>0x0</load_address>
         <run_address>0x0</run_address>
         <size>0x0</size>
         <contents>
            <object_component_ref idref="oc-10b"/>
         </contents>
      </logical_group>
      <logical_group id="lg-a" display="no" color="cyan">
         <name>.flashMailbox</name>
         <run_address>0x0</run_address>
         <size>0x0</size>
         <contents>
         </contents>
      </logical_group>
      <logical_group id="lg-b" display="no" color="cyan">
         <name>.vtable</name>
         <run_address>0x0</run_address>
         <size>0x0</size>
         <contents>
         </contents>
      </logical_group>
      <logical_group id="lg-c" display="no" color="cyan">
         <name>.data</name>
         <run_address>0x20000000</run_address>
         <size>0x1c</size>
         <contents>
            <object_component_ref idref="oc-e8"/>
            <object_component_ref idref="oc-ae"/>
            <object_component_ref idref="oc-71"/>
            <object_component_ref idref="oc-b1"/>
         </contents>
      </logical_group>
      <logical_group id="lg-d" display="no" color="cyan">
         <name>.bss</name>
         <run_address>0x0</run_address>
         <size>0x0</size>
         <contents>
         </contents>
      </logical_group>
      <logical_group id="lg-e" display="no" color="cyan">
         <name>.sysmem</name>
         <run_address>0x0</run_address>
         <size>0x0</size>
         <contents>
         </contents>
      </logical_group>
      <logical_group id="lg-f" display="no" color="cyan">
         <name>.stack</name>
         <run_address>0x2000fe00</run_address>
         <size>0x200</size>
         <contents>
            <object_component_ref idref="oc-2d"/>
            <object_component_ref idref="oc-12f"/>
         </contents>
      </logical_group>
      <logical_group id="lg-10" display="no" color="cyan">
         <name>.TI.ramfunc</name>
         <run_address>0x0</run_address>
         <size>0x0</size>
         <contents>
         </contents>
      </logical_group>
      <logical_group id="lg-109" display="no" color="cyan">
         <name>.TI.noinit</name>
         <run_address>0x0</run_address>
         <size>0x0</size>
         <contents>
         </contents>
      </logical_group>
      <logical_group id="lg-10a" display="no" color="cyan">
         <name>.TI.persistent</name>
         <run_address>0x0</run_address>
         <size>0x0</size>
         <contents>
         </contents>
      </logical_group>
      <logical_group id="lg-11c" display="never" color="cyan">
         <name>.debug_info</name>
         <load_address>0x0</load_address>
         <run_address>0x0</run_address>
         <size>0x80e3</size>
         <contents>
            <object_component_ref idref="oc-d2"/>
            <object_component_ref idref="oc-a7"/>
            <object_component_ref idref="oc-fa"/>
            <object_component_ref idref="oc-ff"/>
            <object_component_ref idref="oc-86"/>
            <object_component_ref idref="oc-ec"/>
            <object_component_ref idref="oc-7d"/>
            <object_component_ref idref="oc-2b"/>
            <object_component_ref idref="oc-76"/>
            <object_component_ref idref="oc-e9"/>
            <object_component_ref idref="oc-ba"/>
            <object_component_ref idref="oc-27"/>
            <object_component_ref idref="oc-39"/>
            <object_component_ref idref="oc-16"/>
            <object_component_ref idref="oc-34"/>
            <object_component_ref idref="oc-7f"/>
            <object_component_ref idref="oc-41"/>
            <object_component_ref idref="oc-3c"/>
            <object_component_ref idref="oc-19"/>
            <object_component_ref idref="oc-42"/>
            <object_component_ref idref="oc-8e"/>
            <object_component_ref idref="oc-b5"/>
            <object_component_ref idref="oc-af"/>
            <object_component_ref idref="oc-6d"/>
            <object_component_ref idref="oc-2f"/>
            <object_component_ref idref="oc-48"/>
            <object_component_ref idref="oc-54"/>
            <object_component_ref idref="oc-5a"/>
            <object_component_ref idref="oc-72"/>
            <object_component_ref idref="oc-e4"/>
            <object_component_ref idref="oc-b2"/>
            <object_component_ref idref="oc-dd"/>
            <object_component_ref idref="oc-ad"/>
            <object_component_ref idref="oc-66"/>
            <object_component_ref idref="oc-d5"/>
            <object_component_ref idref="oc-a5"/>
            <object_component_ref idref="oc-60"/>
            <object_component_ref idref="oc-c7"/>
            <object_component_ref idref="oc-cc"/>
            <object_component_ref idref="oc-c3"/>
            <object_component_ref idref="oc-99"/>
            <object_component_ref idref="oc-f3"/>
            <object_component_ref idref="oc-9f"/>
            <object_component_ref idref="oc-130"/>
         </contents>
      </logical_group>
      <logical_group id="lg-11e" display="never" color="cyan">
         <name>.debug_line</name>
         <load_address>0x0</load_address>
         <run_address>0x0</run_address>
         <size>0x115a</size>
         <contents>
            <object_component_ref idref="oc-f9"/>
            <object_component_ref idref="oc-aa"/>
            <object_component_ref idref="oc-fd"/>
            <object_component_ref idref="oc-102"/>
            <object_component_ref idref="oc-89"/>
            <object_component_ref idref="oc-ef"/>
            <object_component_ref idref="oc-c1"/>
            <object_component_ref idref="oc-7c"/>
            <object_component_ref idref="oc-79"/>
            <object_component_ref idref="oc-108"/>
            <object_component_ref idref="oc-bd"/>
            <object_component_ref idref="oc-25"/>
            <object_component_ref idref="oc-85"/>
            <object_component_ref idref="oc-15"/>
            <object_component_ref idref="oc-37"/>
            <object_component_ref idref="oc-82"/>
            <object_component_ref idref="oc-8d"/>
            <object_component_ref idref="oc-3b"/>
            <object_component_ref idref="oc-1c"/>
            <object_component_ref idref="oc-45"/>
            <object_component_ref idref="oc-91"/>
            <object_component_ref idref="oc-e7"/>
            <object_component_ref idref="oc-db"/>
            <object_component_ref idref="oc-6c"/>
            <object_component_ref idref="oc-32"/>
            <object_component_ref idref="oc-4b"/>
            <object_component_ref idref="oc-57"/>
            <object_component_ref idref="oc-5d"/>
            <object_component_ref idref="oc-b8"/>
            <object_component_ref idref="oc-106"/>
            <object_component_ref idref="oc-e3"/>
            <object_component_ref idref="oc-e0"/>
            <object_component_ref idref="oc-d4"/>
            <object_component_ref idref="oc-69"/>
            <object_component_ref idref="oc-d8"/>
            <object_component_ref idref="oc-c6"/>
            <object_component_ref idref="oc-63"/>
            <object_component_ref idref="oc-ca"/>
            <object_component_ref idref="oc-cf"/>
            <object_component_ref idref="oc-f2"/>
            <object_component_ref idref="oc-9c"/>
            <object_component_ref idref="oc-f6"/>
            <object_component_ref idref="oc-a3"/>
         </contents>
      </logical_group>
      <logical_group id="lg-120" display="never" color="cyan">
         <name>.debug_frame</name>
         <load_address>0x0</load_address>
         <run_address>0x0</run_address>
         <size>0x7c7</size>
         <contents>
            <object_component_ref idref="oc-ab"/>
            <object_component_ref idref="oc-7a"/>
            <object_component_ref idref="oc-be"/>
            <object_component_ref idref="oc-14"/>
            <object_component_ref idref="oc-3f"/>
            <object_component_ref idref="oc-1d"/>
            <object_component_ref idref="oc-70"/>
            <object_component_ref idref="oc-58"/>
            <object_component_ref idref="oc-5e"/>
            <object_component_ref idref="oc-e1"/>
            <object_component_ref idref="oc-6a"/>
            <object_component_ref idref="oc-64"/>
            <object_component_ref idref="oc-9d"/>
            <object_component_ref idref="oc-a2"/>
         </contents>
      </logical_group>
      <logical_group id="lg-122" display="never" color="cyan">
         <name>.debug_abbrev</name>
         <load_address>0x0</load_address>
         <run_address>0x0</run_address>
         <size>0xf36</size>
         <contents>
            <object_component_ref idref="oc-f8"/>
            <object_component_ref idref="oc-d1"/>
            <object_component_ref idref="oc-fc"/>
            <object_component_ref idref="oc-101"/>
            <object_component_ref idref="oc-88"/>
            <object_component_ref idref="oc-ee"/>
            <object_component_ref idref="oc-c0"/>
            <object_component_ref idref="oc-7b"/>
            <object_component_ref idref="oc-bf"/>
            <object_component_ref idref="oc-107"/>
            <object_component_ref idref="oc-eb"/>
            <object_component_ref idref="oc-74"/>
            <object_component_ref idref="oc-84"/>
            <object_component_ref idref="oc-33"/>
            <object_component_ref idref="oc-36"/>
            <object_component_ref idref="oc-81"/>
            <object_component_ref idref="oc-8c"/>
            <object_component_ref idref="oc-8b"/>
            <object_component_ref idref="oc-40"/>
            <object_component_ref idref="oc-44"/>
            <object_component_ref idref="oc-90"/>
            <object_component_ref idref="oc-e6"/>
            <object_component_ref idref="oc-da"/>
            <object_component_ref idref="oc-b4"/>
            <object_component_ref idref="oc-7e"/>
            <object_component_ref idref="oc-93"/>
            <object_component_ref idref="oc-96"/>
            <object_component_ref idref="oc-97"/>
            <object_component_ref idref="oc-b7"/>
            <object_component_ref idref="oc-105"/>
            <object_component_ref idref="oc-e2"/>
            <object_component_ref idref="oc-104"/>
            <object_component_ref idref="oc-d3"/>
            <object_component_ref idref="oc-ac"/>
            <object_component_ref idref="oc-d7"/>
            <object_component_ref idref="oc-c5"/>
            <object_component_ref idref="oc-a4"/>
            <object_component_ref idref="oc-c9"/>
            <object_component_ref idref="oc-ce"/>
            <object_component_ref idref="oc-f1"/>
            <object_component_ref idref="oc-c2"/>
            <object_component_ref idref="oc-f5"/>
            <object_component_ref idref="oc-c4"/>
            <object_component_ref idref="oc-131"/>
         </contents>
      </logical_group>
      <logical_group id="lg-124" display="never" color="cyan">
         <name>.debug_str</name>
         <load_address>0x0</load_address>
         <run_address>0x0</run_address>
         <size>0x285e</size>
         <contents>
            <object_component_ref idref="oc-fe"/>
            <object_component_ref idref="oc-103"/>
            <object_component_ref idref="oc-8a"/>
            <object_component_ref idref="oc-f0"/>
            <object_component_ref idref="oc-38"/>
            <object_component_ref idref="oc-83"/>
            <object_component_ref idref="oc-46"/>
            <object_component_ref idref="oc-92"/>
            <object_component_ref idref="oc-d9"/>
            <object_component_ref idref="oc-cb"/>
            <object_component_ref idref="oc-d0"/>
            <object_component_ref idref="oc-f7"/>
         </contents>
      </logical_group>
      <logical_group id="lg-126" display="never" color="cyan">
         <name>.debug_aranges</name>
         <load_address>0x0</load_address>
         <run_address>0x0</run_address>
         <size>0x268</size>
         <contents>
            <object_component_ref idref="oc-a8"/>
            <object_component_ref idref="oc-77"/>
            <object_component_ref idref="oc-bb"/>
            <object_component_ref idref="oc-26"/>
            <object_component_ref idref="oc-13"/>
            <object_component_ref idref="oc-3d"/>
            <object_component_ref idref="oc-1a"/>
            <object_component_ref idref="oc-6e"/>
            <object_component_ref idref="oc-30"/>
            <object_component_ref idref="oc-49"/>
            <object_component_ref idref="oc-55"/>
            <object_component_ref idref="oc-5b"/>
            <object_component_ref idref="oc-de"/>
            <object_component_ref idref="oc-67"/>
            <object_component_ref idref="oc-61"/>
            <object_component_ref idref="oc-9a"/>
            <object_component_ref idref="oc-a0"/>
         </contents>
      </logical_group>
      <logical_group id="lg-128" display="never" color="cyan">
         <name>.debug_pubnames</name>
         <load_address>0x0</load_address>
         <run_address>0x0</run_address>
         <size>0x3d8</size>
         <contents>
            <object_component_ref idref="oc-a9"/>
            <object_component_ref idref="oc-2c"/>
            <object_component_ref idref="oc-78"/>
            <object_component_ref idref="oc-ea"/>
            <object_component_ref idref="oc-bc"/>
            <object_component_ref idref="oc-28"/>
            <object_component_ref idref="oc-17"/>
            <object_component_ref idref="oc-3e"/>
            <object_component_ref idref="oc-1b"/>
            <object_component_ref idref="oc-b0"/>
            <object_component_ref idref="oc-6f"/>
            <object_component_ref idref="oc-31"/>
            <object_component_ref idref="oc-4a"/>
            <object_component_ref idref="oc-56"/>
            <object_component_ref idref="oc-5c"/>
            <object_component_ref idref="oc-73"/>
            <object_component_ref idref="oc-b3"/>
            <object_component_ref idref="oc-df"/>
            <object_component_ref idref="oc-68"/>
            <object_component_ref idref="oc-62"/>
            <object_component_ref idref="oc-9b"/>
            <object_component_ref idref="oc-a1"/>
         </contents>
      </logical_group>
      <logical_group id="lg-12a" display="never" color="cyan">
         <name>.debug_pubtypes</name>
         <load_address>0x0</load_address>
         <run_address>0x0</run_address>
         <size>0x80f</size>
         <contents>
            <object_component_ref idref="oc-fb"/>
            <object_component_ref idref="oc-100"/>
            <object_component_ref idref="oc-87"/>
            <object_component_ref idref="oc-ed"/>
            <object_component_ref idref="oc-35"/>
            <object_component_ref idref="oc-80"/>
            <object_component_ref idref="oc-43"/>
            <object_component_ref idref="oc-8f"/>
            <object_component_ref idref="oc-b6"/>
            <object_component_ref idref="oc-e5"/>
            <object_component_ref idref="oc-d6"/>
            <object_component_ref idref="oc-c8"/>
            <object_component_ref idref="oc-cd"/>
            <object_component_ref idref="oc-f4"/>
         </contents>
      </logical_group>
      <load_segment id="lg-133" display="no" color="cyan">
         <name>SEGMENT_0</name>
         <load_address>0x0</load_address>
         <run_address>0x0</run_address>
         <size>0x81c</size>
         <flags>0x5</flags>
         <contents>
            <logical_group_ref idref="lg-3"/>
            <logical_group_ref idref="lg-4"/>
            <logical_group_ref idref="lg-6"/>
         </contents>
      </load_segment>
      <load_segment id="lg-134" display="no" color="cyan">
         <name>SEGMENT_1</name>
         <run_address>0x20000000</run_address>
         <size>0x1c</size>
         <flags>0x6</flags>
         <contents>
            <logical_group_ref idref="lg-c"/>
         </contents>
      </load_segment>
      <load_segment id="lg-135" display="no" color="cyan">
         <name>SEGMENT_2</name>
         <run_address>0x2000fe00</run_address>
         <size>0x200</size>
         <flags>0x6</flags>
         <contents>
            <logical_group_ref idref="lg-f"/>
         </contents>
      </load_segment>
   </logical_group_list>
   <placement_map>
      <memory_area display="yes" color="green">
         <name>MAIN</name>
         <page_id>0x0</page_id>
         <origin>0x0</origin>
         <length>0x40000</length>
         <used_space>0x81a</used_space>
         <unused_space>0x3f7e6</unused_space>
         <attributes>RX</attributes>
         <usage_details>
            <allocated_space>
               <start_address>0x0</start_address>
               <size>0x0</size>
               <logical_group_ref idref="lg-9"/>
            </allocated_space>
            <allocated_space>
               <start_address>0x0</start_address>
               <size>0x140</size>
               <logical_group_ref idref="lg-3"/>
            </allocated_space>
            <allocated_space>
               <start_address>0x140</start_address>
               <size>0x6ae</size>
               <logical_group_ref idref="lg-4"/>
            </allocated_space>
            <available_space>
               <start_address>0x7ee</start_address>
               <size>0x2</size>
            </available_space>
            <allocated_space>
               <start_address>0x7f0</start_address>
               <size>0x2c</size>
               <logical_group_ref idref="lg-6"/>
            </allocated_space>
            <available_space>
               <start_address>0x81c</start_address>
               <size>0x3f7e4</size>
            </available_space>
         </usage_details>
      </memory_area>
      <memory_area display="yes" color="green">
         <name>INFO</name>
         <page_id>0x0</page_id>
         <origin>0x200000</origin>
         <length>0x4000</length>
         <used_space>0x0</used_space>
         <unused_space>0x4000</unused_space>
         <attributes>RX</attributes>
         <usage_details>
         </usage_details>
      </memory_area>
      <memory_area display="yes" color="green">
         <name>SRAM_CODE</name>
         <page_id>0x0</page_id>
         <origin>0x1000000</origin>
         <length>0x10000</length>
         <used_space>0x21c</used_space>
         <unused_space>0xfde4</unused_space>
         <attributes>RWX</attributes>
         <usage_details>
            <allocated_space>
               <start_address>0x1000000</start_address>
               <size>0x1c</size>
               <logical_group_ref idref="lg-c"/>
            </allocated_space>
            <available_space>
               <start_address>0x100001c</start_address>
               <size>0xfde4</size>
            </available_space>
            <allocated_space>
               <start_address>0x100fe00</start_address>
               <size>0x200</size>
               <logical_group_ref idref="lg-f"/>
            </allocated_space>
         </usage_details>
      </memory_area>
      <memory_area display="yes" color="green">
         <name>SRAM_DATA</name>
         <page_id>0x0</page_id>
         <origin>0x20000000</origin>
         <length>0x10000</length>
         <used_space>0x21c</used_space>
         <unused_space>0xfde4</unused_space>
         <attributes>RW</attributes>
         <usage_details>
            <allocated_space>
               <start_address>0x20000000</start_address>
               <size>0x1c</size>
               <logical_group_ref idref="lg-c"/>
            </allocated_space>
            <available_space>
               <start_address>0x2000001c</start_address>
               <size>0xfde4</size>
            </available_space>
            <allocated_space>
               <start_address>0x2000fe00</start_address>
               <size>0x200</size>
               <logical_group_ref idref="lg-f"/>
            </allocated_space>
         </usage_details>
      </memory_area>
   </placement_map>
   <cptbl_list>
      <cptbl>
         <name>__TI_cinit_table</name>
         <cprec>
            <name>.data</name>
            <load_address>0x7f0</load_address>
            <load_size>0x1a</load_size>
            <run_address>0x20000000</run_address>
            <run_size>0x1c</run_size>
            <compression>rle</compression>
         </cprec>
      </cptbl>
   </cptbl_list>
   <handler_table>
      <handler_table_name>__TI_handler_table</handler_table_name>
      <handler>
         <index>0x0</index>
         <name>__TI_decompress_rle24</name>
      </handler>
      <handler>
         <index>0x1</index>
         <name>__TI_decompress_none</name>
      </handler>
   </handler_table>
   <symbol_table>
      <symbol id="sm-1">
         <name>WDTCTL_SYM</name>
         <value>0x4000480c</value>
      </symbol>
      <symbol id="sm-2">
         <name>__TI_CINIT_Base</name>
         <value>0x814</value>
      </symbol>
      <symbol id="sm-3">
         <name>__TI_CINIT_Limit</name>
         <value>0x81c</value>
      </symbol>
      <symbol id="sm-4">
         <name>__TI_Handler_Table_Base</name>
         <value>0x80c</value>
      </symbol>
      <symbol id="sm-5">
         <name>__TI_Handler_Table_Limit</name>
         <value>0x814</value>
      </symbol>
      <symbol id="sm-6">
         <name>binit</name>
         <value>0xffffffff</value>
      </symbol>
      <symbol id="sm-7">
         <name>__binit__</name>
         <value>0xffffffff</value>
      </symbol>
      <symbol id="sm-8">
         <name>__STACK_SIZE</name>
         <value>0x200</value>
      </symbol>
      <symbol id="sm-9">
         <name>__STACK_END</name>
         <value>0x20010000</value>
      </symbol>
      <symbol id="sm-a">
         <name>__c_args__</name>
         <value>0xffffffff</value>
      </symbol>
      <symbol id="sm-b">
         <name>__TI_pprof_out_hndl</name>
         <value>0xffffffff</value>
      </symbol>
      <symbol id="sm-c">
         <name>__TI_prof_data_start</name>
         <value>0xffffffff</value>
      </symbol>
      <symbol id="sm-d">
         <name>__TI_prof_data_size</name>
         <value>0xffffffff</value>
      </symbol>
      <symbol id="sm-4c">
         <name>main</name>
         <value>0x751</value>
         <object_component_ref idref="oc-a6"/>
      </symbol>
      <symbol id="sm-69">
         <name>interruptVectors</name>
         <value>0x0</value>
         <object_component_ref idref="oc-2a"/>
      </symbol>
      <symbol id="sm-b0">
         <name>SystemInit</name>
         <value>0x3b5</value>
         <object_component_ref idref="oc-b9"/>
      </symbol>
      <symbol id="sm-b1">
         <name>SystemCoreClockUpdate</name>
         <value>0x141</value>
         <object_component_ref idref="oc-b9"/>
      </symbol>
      <symbol id="sm-b2">
         <name>SystemCoreClock</name>
         <value>0x20000018</value>
         <object_component_ref idref="oc-e8"/>
      </symbol>
      <symbol id="sm-c3">
         <name>_c_int00</name>
         <value>0x65d</value>
         <object_component_ref idref="oc-24"/>
      </symbol>
      <symbol id="sm-c4">
         <name>__stack</name>
         <value>0x2000fe00</value>
         <object_component_ref idref="oc-2d"/>
      </symbol>
      <symbol id="sm-db">
         <name>__TI_decompress_none</name>
         <value>0x7d7</value>
         <object_component_ref idref="oc-12"/>
      </symbol>
      <symbol id="sm-103">
         <name>__TI_decompress_rle24</name>
         <value>0x7e5</value>
         <object_component_ref idref="oc-18"/>
      </symbol>
      <symbol id="sm-125">
         <name>C$$EXIT</name>
         <value>0x6b1</value>
         <object_component_ref idref="oc-6b"/>
      </symbol>
      <symbol id="sm-126">
         <name>abort</name>
         <value>0x6b5</value>
         <object_component_ref idref="oc-6b"/>
      </symbol>
      <symbol id="sm-127">
         <name>exit</name>
         <value>0x6bd</value>
         <object_component_ref idref="oc-6b"/>
      </symbol>
      <symbol id="sm-128">
         <name>__TI_dtors_ptr</name>
         <value>0x20000004</value>
         <object_component_ref idref="oc-ae"/>
      </symbol>
      <symbol id="sm-129">
         <name>__TI_cleanup_ptr</name>
         <value>0x20000000</value>
         <object_component_ref idref="oc-ae"/>
      </symbol>
      <symbol id="sm-12a">
         <name>__TI_enable_exit_profile_output</name>
         <value>0x20000008</value>
         <object_component_ref idref="oc-ae"/>
      </symbol>
      <symbol id="sm-145">
         <name>memcpy</name>
         <value>0x469</value>
         <object_component_ref idref="oc-2e"/>
      </symbol>
      <symbol id="sm-146">
         <name>__aeabi_memcpy</name>
         <value>0x469</value>
         <object_component_ref idref="oc-2e"/>
      </symbol>
      <symbol id="sm-147">
         <name>__aeabi_memcpy8</name>
         <value>0x469</value>
         <object_component_ref idref="oc-2e"/>
      </symbol>
      <symbol id="sm-148">
         <name>__aeabi_memcpy4</name>
         <value>0x469</value>
         <object_component_ref idref="oc-2e"/>
      </symbol>
      <symbol id="sm-157">
         <name>__aeabi_memset</name>
         <value>0x507</value>
         <object_component_ref idref="oc-47"/>
      </symbol>
      <symbol id="sm-158">
         <name>memset</name>
         <value>0x50d</value>
         <object_component_ref idref="oc-47"/>
      </symbol>
      <symbol id="sm-159">
         <name>__aeabi_memset8</name>
         <value>0x507</value>
         <object_component_ref idref="oc-47"/>
      </symbol>
      <symbol id="sm-15a">
         <name>__aeabi_memset4</name>
         <value>0x507</value>
         <object_component_ref idref="oc-47"/>
      </symbol>
      <symbol id="sm-15b">
         <name>__aeabi_memclr8</name>
         <value>0x505</value>
         <object_component_ref idref="oc-47"/>
      </symbol>
      <symbol id="sm-15c">
         <name>__aeabi_memclr4</name>
         <value>0x505</value>
         <object_component_ref idref="oc-47"/>
      </symbol>
      <symbol id="sm-15d">
         <name>__aeabi_memclr</name>
         <value>0x505</value>
         <object_component_ref idref="oc-47"/>
      </symbol>
      <symbol id="sm-167">
         <name>__mpu_init</name>
         <value>0x57f</value>
         <object_component_ref idref="oc-53"/>
      </symbol>
      <symbol id="sm-171">
         <name>_system_pre_init</name>
         <value>0x7eb</value>
         <object_component_ref idref="oc-59"/>
      </symbol>
      <symbol id="sm-179">
         <name>main_func_sp</name>
         <value>0x20000014</value>
         <object_component_ref idref="oc-71"/>
      </symbol>
      <symbol id="sm-192">
         <name>_nop</name>
         <value>0x7bf</value>
         <object_component_ref idref="oc-dc"/>
      </symbol>
      <symbol id="sm-193">
         <name>_lock</name>
         <value>0x2000000c</value>
         <object_component_ref idref="oc-b1"/>
      </symbol>
      <symbol id="sm-194">
         <name>_unlock</name>
         <value>0x20000010</value>
         <object_component_ref idref="oc-b1"/>
      </symbol>
      <symbol id="sm-195">
         <name>_register_lock</name>
         <value>0x7b7</value>
         <object_component_ref idref="oc-dc"/>
      </symbol>
      <symbol id="sm-196">
         <name>_register_unlock</name>
         <value>0x7b1</value>
         <object_component_ref idref="oc-dc"/>
      </symbol>
      <symbol id="sm-1aa">
         <name>_args_main</name>
         <value>0x799</value>
         <object_component_ref idref="oc-65"/>
      </symbol>
      <symbol id="sm-1cf">
         <name>__TI_auto_init</name>
         <value>0x581</value>
         <object_component_ref idref="oc-5f"/>
      </symbol>
      <symbol id="sm-1e9">
         <name>copy_in</name>
         <value>0x705</value>
         <object_component_ref idref="oc-98"/>
      </symbol>
      <symbol id="sm-1f3">
         <name>_system_post_cinit</name>
         <value>0x65b</value>
         <object_component_ref idref="oc-9e"/>
      </symbol>
      <symbol id="sm-1f4">
         <name>__TI_static_base__</name>
         <value>0x0</value>
      </symbol>
      <symbol id="sm-1f7">
         <name>SHT$$INIT_ARRAY$$Limit</name>
         <value>0x0</value>
      </symbol>
      <symbol id="sm-1f8">
         <name>SHT$$INIT_ARRAY$$Base</name>
         <value>0x0</value>
      </symbol>
   </symbol_table>
   <title>Link successful</title>
</link_info>
